{"_step":4,"_wandb":{"runtime":673},"step_time":172.12170028686523,"grad_norm":0.0037384033203125,"_runtime":673.162073751,"learning_rate":1e-05,"avg_step_time":161.48146402835846,"train_loss":7.8580342233181e-09,"_timestamp":1.7567365489661808e+09}