{"_wandb":{"runtime":167},"train_loss":1.4668330550193787e-08,"step_time":150.59158849716187,"grad_norm":0.004669189453125,"_step":1,"learning_rate":1e-05,"_timestamp":1.7567418727878883e+09,"_runtime":167.504799736,"avg_step_time":150.59158849716187}