{"grad_norm":0.004852294921875,"train_loss":-5.238689482212067e-09,"step_time":137.87839579582214,"_timestamp":1.756740968627771e+09,"_runtime":172.129527668,"avg_step_time":137.87839579582214,"_step":1,"learning_rate":1e-05,"_wandb":{"runtime":172}}