{"_wandb":{"runtime":723},"train_loss":1.3620592653751373e-08,"learning_rate":1e-05,"avg_step_time":113.63297855854034,"grad_norm":0.005035400390625,"_runtime":723.321020537,"step_time":113.87873315811157,"_timestamp":1.756739016162353e+09,"_step":6}