{"_runtime":184.460652119,"step_time":157.36413025856018,"avg_step_time":157.36413025856018,"_timestamp":1.756055356640094e+09,"_step":1,"train_loss":-1.0477378964424133e-08,"learning_rate":1e-05,"grad_norm":0.00457763671875,"_wandb":{"runtime":184}}