{"_runtime":192.124011693,"_wandb":{"runtime":192},"_step":1,"learning_rate":1e-05,"grad_norm":0.005340576171875,"_timestamp":1.7567395040071003e+09,"train_loss":-1.57160684466362e-08,"step_time":120.93139028549194,"avg_step_time":120.93139028549194}