{"_runtime":541.611300539,"avg_step_time":148.45029171307883,"_timestamp":1.7560564924319959e+09,"_step":3,"train_loss":1.257285475730896e-08,"_wandb":{"runtime":541},"learning_rate":1e-05,"grad_norm":0.0032806396484375,"step_time":147.04245686531067}