{"_wandb":{"runtime":397},"train_loss":-2.0954757928848267e-09,"avg_step_time":135.1723963022232,"_step":2,"learning_rate":1e-05,"_runtime":397.545360404,"_timestamp":1.7567406674469192e+09,"step_time":132.38318371772766,"grad_norm":0.006683349609375}