{"_runtime":223.41604361,"step_time":122.98273658752441,"avg_step_time":122.98273658752441,"train_loss":7.334165275096893e-09,"_step":1,"_timestamp":1.7567296589268544e+09,"learning_rate":1e-05,"grad_norm":0.0052490234375,"_wandb":{"runtime":223}}