{"_step":1,"train_loss":-5.238689482212067e-09,"step_time":121.23989057540894,"_wandb":{"runtime":183},"_runtime":183.441721881,"grad_norm":0.00482177734375,"_timestamp":1.7567380141106713e+09,"avg_step_time":121.23989057540894,"learning_rate":1e-05}