{"avg_step_time":116.85134482383728,"_runtime":142.145787981,"train_loss":-1.57160684466362e-08,"step_time":116.85134482383728,"_timestamp":1.7567398239574912e+09,"_wandb":{"runtime":142},"learning_rate":1e-05,"_step":1,"grad_norm":0.005340576171875}