{"train_loss":6.28642737865448e-09,"learning_rate":1e-05,"_runtime":849.524744841,"_step":6,"step_time":274.69490218162537,"avg_step_time":140.86784180005392,"grad_norm":0.00543212890625,"_wandb":{"runtime":849},"_timestamp":1.7567374682806184e+09}